


{
    "body": {
	"firstname": "joshua",
	"from_email": "joshua@gpsimpact.com",
	"subject": "Test",
	"message": "This is a message!",
	"source_key": "yay"

        },
    "httpMethod": "GET",
    "resource": "f/{form_id}",
    "queryStringParameters": null,
    "requestContext": {
        "httpMethod": "GET",
        "requestId": "22a30f19-bb09-11e6-969f-6b235d2d633d",
        "resourceId": "wkryz7",
        "apiId": "i3uav98fol",
        "stage": "dev",
        "resourcePath": "/f/{form_id}",
        "identity": {
            "apiKey": null, "userArn": null, "user": null, "cognitoIdentityPoolId": null, "userAgent": "Mozilla/5.0 (Macintosh; Intel Mac OS X 10_11_6) AppleWebKit/537.36 (KHTML, like Gecko) Chrome/54.0.2840.98 Safari/537.36", "accountId": null, "cognitoAuthenticationType": null, "accessKey": null, "caller": null, "cognitoIdentityId": null, "sourceIp": "208.75.100.247", "cognitoAuthenticationProvider": null
        }
        ,
        "accountId": "653706922532"
    }
    ,
    "headers": {
        "Via": "1.1 cea5b826942f3af1ab8152d541fa7253.cloudfront.net (CloudFront)", "Accept-Language": "en-US,en;q=0.8", "CloudFront-Is-Desktop-Viewer": "true", "CloudFront-Is-SmartTV-Viewer": "false", "CloudFront-Forwarded-Proto": "https", "X-Forwarded-Port": "443", "X-Forwarded-For": "208.75.100.247, 205.251.252.182", "CloudFront-Viewer-Country": "US", "Accept": "text/html,application/xhtml+xml,application/xml;q=0.9,image/webp,*/*;q=0.8", "Upgrade-Insecure-Requests": "1", "Host": "i3uav98fol.execute-api.us-east-1.amazonaws.com", "X-Forwarded-Proto": "https", "X-Amz-Cf-Id": "V-MySqvMOym6aIVC-lXmbEU2SgWucw7VX8Z2elXAE8uhWox7uwz4Qw==", "CloudFront-Is-Tablet-Viewer": "false", "Cache-Control": "max-age=0", "User-Agent": "Mozilla/5.0 (Macintosh; Intel Mac OS X 10_11_6) AppleWebKit/537.36 (KHTML, like Gecko) Chrome/54.0.2840.98 Safari/537.36", "CloudFront-Is-Mobile-Viewer": "false", "Accept-Encoding": "gzip, deflate, sdch, br"
    }
    ,
    "stageVariables": null,
    "path": "f/dc3027d0-b6da-4ce8-b550-0ba68a1c1a2e",
    "pathParameters": {
        "form_id": "dc3027d0-b6da-4ce8-b550-0ba68a1c1a2e"
    }
    ,
    "isBase64Encoded": false
}